,pattern_id,pattern
0,0,[Controller id=<*>] All shutting down brokers: <*> (kafka.controller.KafkaController)
1,1,[Controller id=<*>] Broker failure callback for <*> (kafka.controller.KafkaController)
2,2,[Controller id=<*>] Checking need to trigger auto leader balancing (kafka.controller.KafkaController)
3,3,[Controller id=<*>] Deleting isr change notifications (kafka.controller.KafkaController)
4,4,[Controller id=<*>] Deleting log dir event notifications (kafka.controller.KafkaController)
5,5,[Controller id=<*>] Fetching topic deletions in progress (kafka.controller.KafkaController)
6,6,[Controller id=<*>] Initializing controller context (kafka.controller.KafkaController)
7,7,[Controller id=<*>] Initializing topic deletion manager (kafka.controller.KafkaController)
8,8,[Controller id=<*>] Leader imbalance ratio for broker <*> is <*> (kafka.controller.KafkaController)
9,9,[Controller id=<*>] List of topics to be deleted: (kafka.controller.KafkaController)
10,10,[Controller id=<*>] Live brokers: <*> (kafka.controller.KafkaController)
11,11,[Controller id=<*>] New broker startup callback for <*> (kafka.controller.KafkaController)
12,12,[Controller id=<*>] Partitions being reassigned: Map() (kafka.controller.KafkaController)
13,13,[Controller id=<*>] Registering handlers (kafka.controller.KafkaController)
14,14,[Controller id=<*>] Removed <*> from list of shutting down brokers. (kafka.controller.KafkaController)
15,15,[Controller id=<*>] Resigned (kafka.controller.KafkaController)
16,16,[Controller id=<*>] Resigning (kafka.controller.KafkaController)
17,17,[Controller id=<*>] Sending update metadata request (kafka.controller.KafkaController)
18,18,[Controller id=<*>] Shutting down broker <*> (kafka.controller.KafkaController)
19,19,[Controller id=<*>] Starting the controller scheduler (kafka.controller.KafkaController)
20,20,[ExpirationReaper-1-Fetch]: Stopped (kafka.server.DelayedOperationPurgatory$ExpiredOperationReaper)
21,21,[ExpirationReaper-1-topic]: Stopped (kafka.server.DelayedOperationPurgatory$ExpiredOperationReaper)
22,22,[GroupCoordinator <*>]: Shutdown complete. (kafka.coordinator.group.GroupCoordinator)
23,23,[GroupCoordinator <*>]: Shutting down. (kafka.coordinator.group.GroupCoordinator)
24,24,[GroupCoordinator <*>]: Starting up. (kafka.coordinator.group.GroupCoordinator)
25,25,[GroupCoordinator <*>]: Startup complete. (kafka.coordinator.group.GroupCoordinator)
26,26,[KafkaApi-1] Shutdown complete. (kafka.server.KafkaApis)
27,27,[kafka-log-cleaner-thread-0]:
28,28,[kafka-log-cleaner-thread-0]: Shutdown completed (kafka.log.LogCleaner)
29,29,[kafka-log-cleaner-thread-0]: Shutting down (kafka.log.LogCleaner)
30,30,[kafka-log-cleaner-thread-0]: Starting (kafka.log.LogCleaner)
31,31,[kafka-log-cleaner-thread-0]: Stopped (kafka.log.LogCleaner)
32,32,[KafkaServer id=<*>] Error from controller: <*> (kafka.server.KafkaServer)
33,33,[KafkaServer id=<*>] shut down completed (kafka.server.KafkaServer)
34,34,[KafkaServer id=<*>] shutting down (kafka.server.KafkaServer)
35,35,[KafkaServer id=<*>] started (kafka.server.KafkaServer)
36,36,[KafkaServer id=<*>] Starting controlled shutdown (kafka.server.KafkaServer)
37,37,"[Log partition=<*>, dir=<*>] Deleting segment <*> (kafka.log.Log)"
38,38,"[Log partition=<*>, dir=<*>] Incrementing log start offset to <*> (kafka.log.Log)"
39,39,"[Log partition=<*>, dir=<*>] Recovering unflushed segment <*> (kafka.log.Log)"
40,40,"[Log partition=<*>, dir=<*>] Truncating to offset <*> (kafka.log.Log)"
41,41,[LogDirFailureHandler]: Shutdown completed (kafka.server.ReplicaManager$LogDirFailureHandler)
42,42,[LogDirFailureHandler]: Shutting down (kafka.server.ReplicaManager$LogDirFailureHandler)
43,43,[LogDirFailureHandler]: Starting (kafka.server.ReplicaManager$LogDirFailureHandler)
44,44,[LogDirFailureHandler]: Stopped (kafka.server.ReplicaManager$LogDirFailureHandler)
45,45,[Partition <*> broker=<*>] Expanding ISR from <*> to <*> (kafka.cluster.Partition)
46,46,[ReplicaAlterLogDirsManager on broker <*>] shutting down (kafka.server.ReplicaAlterLogDirsManager)
47,47,"[ReplicaFetcher replicaId=<*>, leaderId=<*>, fetcherId=<*>] Starting (kafka.server.ReplicaFetcherThread)"
48,48,"[ReplicaFetcher replicaId=<*>, leaderId=<*>, fetcherId=<*>] Stopped (kafka.server.ReplicaFetcherThread)"
49,49,[ReplicaFetcherManager on broker <*>] shutdown completed (kafka.server.ReplicaFetcherManager)
50,50,[ReplicaFetcherManager on broker <*>] shutting down (kafka.server.ReplicaFetcherManager)
51,51,[ReplicaManager broker=<*>] Shut down completely (kafka.server.ReplicaManager)
52,52,[ReplicaManager broker=<*>] Shutting down (kafka.server.ReplicaManager)
53,53,[RequestSendThread controllerId=<*>] Shutdown completed (kafka.controller.RequestSendThread)
54,54,[RequestSendThread controllerId=<*>] Shutting down (kafka.controller.RequestSendThread)
55,55,[RequestSendThread controllerId=<*>] Starting (kafka.controller.RequestSendThread)
56,56,[RequestSendThread controllerId=<*>] Stopped (kafka.controller.RequestSendThread)
57,57,[SocketServer brokerId=<*>] Shutdown completed (kafka.network.SocketServer)
58,58,[SocketServer brokerId=<*>] Shutting down socket server (kafka.network.SocketServer)
59,59,[SocketServer brokerId=<*>] Started <*> acceptor threads for data-plane (kafka.network.SocketServer)
60,60,[SocketServer brokerId=<*>] Stopped socket server request processors (kafka.network.SocketServer)
61,61,[SocketServer brokerId=<*>] Stopping socket server request processors (kafka.network.SocketServer)
62,62,[ThrottledChannelReaper-Fetch]: Starting (kafka.server.ClientQuotaManager$ThrottledChannelReaper)
63,63,[ThrottledChannelReaper-Fetch]: Stopped (kafka.server.ClientQuotaManager$ThrottledChannelReaper)
64,64,[ThrottledChannelReaper-Produce]: Starting (kafka.server.ClientQuotaManager$ThrottledChannelReaper)
65,65,[ThrottledChannelReaper-Produce]: Stopped (kafka.server.ClientQuotaManager$ThrottledChannelReaper)
66,66,[ThrottledChannelReaper-Request]: Starting (kafka.server.ClientQuotaManager$ThrottledChannelReaper)
67,67,[ThrottledChannelReaper-Request]: Stopped (kafka.server.ClientQuotaManager$ThrottledChannelReaper)
68,68,[TransactionCoordinator id=<*>] Shutting down. (kafka.coordinator.transaction.TransactionCoordinator)
69,69,[TransactionCoordinator id=<*>] Starting up. (kafka.coordinator.transaction.TransactionCoordinator)
70,70,[ZooKeeperClient] Closed. (kafka.zookeeper.ZooKeeperClient)
71,71,[ZooKeeperClient] Closing. (kafka.zookeeper.ZooKeeperClient)
72,72,[ZooKeeperClient] Connected. (kafka.zookeeper.ZooKeeperClient)
73,73,[ZooKeeperClient] Waiting until connected. (kafka.zookeeper.ZooKeeperClient)
74,74,Awaiting socket connections on <*> (kafka.network.Acceptor)
75,75,Cleaner <*>: Beginning cleaning of log <*> (kafka.log.LogCleaner)
76,76,Cleaner <*>: Building offset map for <*> (kafka.log.LogCleaner)
77,77,Cleaner <*>: Offset map for log <*> complete. (kafka.log.LogCleaner)
78,78,Client environment:host.name=<*> (org.apache.zookeeper.ZooKeeper)
79,79,Client environment:java.compiler=<*> (org.apache.zookeeper.ZooKeeper)
80,80,Client environment:java.home=<*> (org.apache.zookeeper.ZooKeeper)
81,81,Client environment:java.io.tmpdir=<*> (org.apache.zookeeper.ZooKeeper)
82,82,Client environment:java.vendor=<*> (org.apache.zookeeper.ZooKeeper)
83,83,Client environment:java.version=<*> (org.apache.zookeeper.ZooKeeper)
84,84,Client environment:os.arch=<*> (org.apache.zookeeper.ZooKeeper)
85,85,Client environment:os.name=<*> (org.apache.zookeeper.ZooKeeper)
86,86,Client environment:os.version=<*> (org.apache.zookeeper.ZooKeeper)
87,87,Client environment:user.dir=<*> (org.apache.zookeeper.ZooKeeper)
88,88,Client environment:user.home=<*> (org.apache.zookeeper.ZooKeeper)
89,89,Client environment:user.name=<*>(org.apache.zookeeper.ZooKeeper)
90,90,Cluster ID = <*> (kafka.server.KafkaServer)
91,91,Compaction for partition <*> is resumed (kafka.log.LogManager)
92,92,Creating <*> (is it secure? <*>) (kafka.zk.KafkaZkClient)
93,93,Deleted log <*> (kafka.log.LogSegment)
94,94,Error while loading log dir <*> (kafka.log.LogManager)
95,95,EventThread shut down for session: <*> (org.apache.zookeeper.ClientCnxn)
96,96,Kafka commitId: <*> (org.apache.kafka.common.utils.AppInfoParser)
97,97,Kafka version: <*> (org.apache.kafka.common.utils.AppInfoParser)
98,98,KafkaConfig values:
99,99,Loading logs. (kafka.log.LogManager)
100,100,Logs loading complete in <*>. (kafka.log.LogManager)
101,101,Registered kafka:type=<*> (kafka.utils.Log4jControllerRegistration$)
102,102,Replica loaded for partition <*> with initial high watermark <*> (kafka.cluster.Replica)
103,103,Session: <*> closed (org.apache.zookeeper.ZooKeeper)
104,104,Shutdown broker because all log dirs in <*> have failed (kafka.log.LogManager)
105,105,Shutdown complete. (kafka.log.LogManager)
106,106,Shutting down the log cleaner. (kafka.log.LogCleaner)
107,107,Shutting down. (kafka.log.LogManager)
108,108,Socket error occurred: <*> (org.apache.zookeeper.ClientCnxn)
109,109,starting (kafka.server.KafkaServer)
110,110,Starting log cleanup with a period of <*>. (kafka.log.LogManager)
111,111,Starting log flusher with a default period of <*> ms. (kafka.log.LogManager)
112,112,Starting the log cleaner (kafka.log.LogCleaner)
113,113,Stopping serving logs in dir <*> (kafka.log.LogManager)
114,114,Terminating process due to signal SIGTERM (org.apache.kafka.common.utils.LoggingSignalHandler)
115,115,The cleaning for partition <*> is aborted and paused (kafka.log.LogCleaner)
