,pattern_id,pattern
0,0,"<*> close, <*> sent, <*> received, lifetime <*>"
1,1,<*> error : A connection request was canceled before the completion.
2,2,<*> error : Could not connect through proxy <*> - Proxy closed the connection unexpectedly.
3,3,"<*> error : Could not connect through proxy <*> - Proxy server cannot establish a connection with the target, status code <*>"
4,4,<*> error : Could not connect to proxy <*> - connection attempt failed with error 10061
5,5,<*> error : Could not connect to proxy <*> - Could not resolve <*> error 11001
6,6,<*> open through proxy <*> HTTPS
7,7,<*> open through proxy <*> SOCKS5
